Timestamp,Document Type,Document Number,Vendor Name,Status,Message,Row Number
2025-11-22 11:36:11,Bill,BGD-000001,ไอดอล  ซิสเท่ม  จำกัด,Success,Successfully processed,217
2025-11-22 11:36:13,Bill,BGD-000002,ไอดอล  ซิสเท่ม  จำกัด,Success,Successfully processed,218
2025-11-22 11:36:16,Bill,BGD-000003,ไอดอล  ซิสเท่ม  จำกัด,Success,Successfully processed,219
2025-11-22 11:36:18,Bill,BGD-000004,ไอดอล  ซิสเท่ม  จำกัด,Success,Successfully processed,220
2025-11-22 11:36:21,Bill,BGD-000033,พี.เอส.เอ็ม.ฮาร์ดแวร์ จำกัด,Success,Successfully processed,221
2025-11-22 11:36:22,Bill,BGD-000259,ไอดอล  ซิสเท่ม  จำกัด,Success,Successfully processed,222
2025-11-22 11:36:23,Bill,BGD-000415,ไอดอล  ซิสเท่ม  จำกัด,Success,Successfully processed,223
2025-11-22 11:36:24,Bill,BGD-000480,แซด เอ็น พี ที จำกัด,Success,Successfully processed,224
2025-11-22 11:36:27,Bill,BGD-000615,ไอดอล  ซิสเท่ม  จำกัด,Success,Successfully processed,225
2025-11-22 11:36:28,Bill,BGD-000635,ไอดอล  ซิสเท่ม  จำกัด,Success,Successfully processed,226
2025-11-22 11:36:29,Bill,BGD-000659,ไอดอล  ซิสเท่ม  จำกัด,Success,Successfully processed,227
2025-11-22 11:36:30,Bill,BGD-000884,ไอดอล  ซิสเท่ม  จำกัด,Success,Successfully processed,228
2025-11-22 11:36:31,Bill,BGD-000899,ทีโอเอ เพอฟอร์มมานซ์ โค๊ทติ๊ง คอร์ปอเรชั่น จำกัด,Success,Successfully processed,229
2025-11-22 11:36:33,Bill,BGD-000926,ทีโอเอ เพอฟอร์มมานซ์ โค๊ทติ๊ง คอร์ปอเรชั่น จำกัด,Success,Successfully processed,230
2025-11-22 11:36:34,Bill,BGD-001631,"MIROTONE (THAILAND) CO., LTD.",Success,Successfully processed,231
2025-11-22 11:36:35,Bill,BGD-001645,ฟิวเจอร์เทค อินเตอร์มาร์เก็ตติ้ง จำกัด,Success,Successfully processed,232
2025-11-22 11:36:37,Bill,BGD-001656,"MIROTONE (THAILAND) CO., LTD.",Success,Successfully processed,233
2025-11-22 11:36:38,Bill,BGD-001658,พี.เอส.เอ็ม.ฮาร์ดแวร์ จำกัด,Success,Successfully processed,234
2025-11-22 11:36:40,Bill,BGD-001660,พี.เอส.เอ็ม.ฮาร์ดแวร์ จำกัด,Success,Successfully processed,235
2025-11-22 11:36:41,Bill,BGD-001676,บริษัท ย่งง้วนเหล็กกล้า จำกัด (สำนักงานใหญ่),Success,Successfully processed,236
2025-11-22 11:36:42,Bill,BGD-001677,บริษัท ย่งง้วนเหล็กกล้า จำกัด (สำนักงานใหญ่),Success,Successfully processed,237
2025-11-22 11:36:44,Bill,BGD-001678,บริษัท ย่งง้วนเหล็กกล้า จำกัด (สำนักงานใหญ่),Success,Successfully processed,238
2025-11-22 11:36:45,Bill,BGD-001687,บริษัท ไมโรโทน (ประเทศไทย) จำกัด (สำนักงานใหญ่),Success,Successfully processed,239
2025-11-22 11:36:47,Bill,BGD-001695,บริษัท ไมโรโทน (ประเทศไทย) จำกัด (สำนักงานใหญ่),Success,Successfully processed,240
2025-11-22 11:36:48,Bill,BGD-001702,บริษัท ไมโรโทน (ประเทศไทย) จำกัด (สำนักงานใหญ่),Success,Successfully processed,241
2025-11-22 11:36:49,Bill,BGD-001712,บริษัท ไมโรโทน (ประเทศไทย) จำกัด (สำนักงานใหญ่),Success,Successfully processed,242
2025-11-22 11:36:50,Bill,BGD-001734,บริษัท ไมโรโทน (ประเทศไทย) จำกัด (สำนักงานใหญ่),Success,Successfully processed,243
2025-11-22 11:36:52,Bill,BGD-001766,บริษัท ย่งง้วนเหล็กกล้า จำกัด (สำนักงานใหญ่),Success,Successfully processed,244
2025-11-22 11:36:53,Bill,BGD-001767,บริษัท ย่งง้วนเหล็กกล้า จำกัด (สำนักงานใหญ่),Success,Successfully processed,245
2025-11-22 11:36:54,Bill,BGD-001769,ไอดอล  ซิสเท่ม  จำกัด,Success,Successfully processed,246
2025-11-22 11:36:56,Bill,BGD-001779,บริษัท ไมโรโทน (ประเทศไทย) จำกัด (สำนักงานใหญ่),Success,Successfully processed,247
2025-11-22 11:36:58,Bill,BGD-001786,บริษัท เอช เอ็ม พลาสติกส์ดีโป้ จำกัด (สำนักงานใหญ่),Success,Successfully processed,248
2025-11-22 11:36:59,Bill,BGD-001787,บริษัท เอช เอ็ม พลาสติกส์ดีโป้ จำกัด (สำนักงานใหญ่),Success,Successfully processed,249
2025-11-22 11:37:00,Bill,BGD-001791,บริษัท เกร๊ดดี้ กรุ๊พ (ประเทศไทย) จำกัด(สำนักงานใหญ่),Success,Successfully processed,206
2025-11-22 11:37:02,Bill,BGD-001796,บริษัท ไมโรโทน (ประเทศไทย) จำกัด (สำนักงานใหญ่),Success,Successfully processed,250
2025-11-22 11:37:03,Bill,BGD-001807,บริษัท แพนสยาม แมนูแฟคเจอริ่ง จำกัด (สำนักงานใหญ่),Success,Successfully processed,251
2025-11-22 11:37:05,Bill,BGD-001808,บริษัท แพนสยาม แมนูแฟคเจอริ่ง จำกัด (สำนักงานใหญ่),Success,Successfully processed,252
2025-11-22 11:37:06,Bill,BGD-001809,บริษัท แพนสยาม แมนูแฟคเจอริ่ง จำกัด (สำนักงานใหญ่),Success,Successfully processed,253
2025-11-22 11:37:08,Bill,BGD-001811,บริษัท ๙ ภารดี จำกัด(สำนักงานใหญ่),Success,Successfully processed,191
2025-11-22 11:37:09,Bill,BGD-001812,บริษัท ไมโรโทน (ประเทศไทย) จำกัด (สำนักงานใหญ่),Success,Successfully processed,254
2025-11-22 11:37:10,Bill,BGD-001813,บริษัท เอส.อาร์.อาร์. ฟาสเทนเนอร์ จำกัด  (สำนักงานใหญ่),Success,Successfully processed,255
2025-11-22 11:37:12,Bill,BGD-001814,บริษัท พี.เอส.เอ็ม.ฮาร์ดแวร์ จำกัด (สำนักงานใหญ่),Success,Successfully processed,256
2025-11-22 11:37:13,Bill,BGD-001815,บริษัท พี.เอส.เอ็ม.ฮาร์ดแวร์ จำกัด (สำนักงานใหญ่),Success,Successfully processed,257
2025-11-22 11:37:14,Bill,BGD-001816,บริษัท ทีโอเอ-ยูเนี่ยน เพ้นท์ (ประเทศไทย) จำกัด (สำนักงานใหญ่),Success,Successfully processed,258
2025-11-22 11:37:16,Bill,BGD-001820,บริษัท เฮเฟเล่ (ประเทศไทย) จำกัด สาขาที่ 00007,Success,Successfully processed,259
2025-11-22 11:37:17,Bill,BGD-001825,บริษัท เอช เอ็ม พลาสติกส์ดีโป้ จำกัด (สำนักงานใหญ่),Success,Successfully processed,260
2025-11-22 11:37:19,Bill,BGD-001826,บริษัท เอช เอ็ม พลาสติกส์ดีโป้ จำกัด (สำนักงานใหญ่),Success,Successfully processed,261
2025-11-22 11:37:20,Bill,BGD-001830,บริษัท พี.เอส.เอ็ม.ฮาร์ดแวร์ จำกัด (สำนักงานใหญ่),Success,Successfully processed,262
2025-11-22 11:37:21,Bill,BGD-001834,บริษัท ไมโรโทน (ประเทศไทย) จำกัด (สำนักงานใหญ่),Success,Successfully processed,263
2025-11-22 11:37:23,Bill,BGD-001840,บริษัท แพนสยาม แมนูแฟคเจอริ่ง จำกัด (สำนักงานใหญ่),Success,Successfully processed,264
2025-11-22 11:37:24,Bill,BGD-001842,บริษัท เฮเฟเล่ (ประเทศไทย) จำกัด สาขาที่ 00007,Success,Successfully processed,265
2025-11-22 11:37:25,Bill,BGD-001845,บริษัท เอช เอ็ม พลาสติกส์ดีโป้ จำกัด (สำนักงานใหญ่),Success,Successfully processed,266
2025-11-22 11:37:27,Bill,BGD-001846,บริษัท เอช เอ็ม พลาสติกส์ดีโป้ จำกัด (สำนักงานใหญ่),Success,Successfully processed,267
2025-11-22 11:37:29,Bill,BGD-001847,บริษัท ย่งง้วนเหล็กกล้า จำกัด (สำนักงานใหญ่),Success,Successfully processed,268
2025-11-22 11:37:30,Bill,BGD-001848,บริษัท ย่งง้วนเหล็กกล้า จำกัด (สำนักงานใหญ่),Success,Successfully processed,269
2025-11-22 11:37:32,Bill,BGD-001849,บริษัท เอช เอ็ม พลาสติกส์ดีโป้ จำกัด (สำนักงานใหญ่),Success,Successfully processed,270
2025-11-22 11:37:33,Bill,BGD-001855,บริษัท พี.เอส.เอ็ม.ฮาร์ดแวร์ จำกัด (สำนักงานใหญ่),Success,Successfully processed,271
2025-11-22 11:37:34,Bill,BGD-001856,บริษัท พี.เอส.เอ็ม.ฮาร์ดแวร์ จำกัด (สำนักงานใหญ่),Success,Successfully processed,272
2025-11-22 11:37:36,Bill,BGD-001857,บริษัท ไทยสเปเชี่ยลแก๊ส จำกัด (สำนักงานใหญ่),Success,Successfully processed,273
2025-11-22 11:37:38,Bill,BGD-001859,บริษัท พอร์ท 09 จำกัด (สำนักงานใหญ่),Success,Successfully processed,274
2025-11-22 11:37:39,Bill,BGD-001860,บริษัท ไทยไพศาลสลักภัณฑ์ จำกัด (สำนักงานใหญ่),Success,Successfully processed,275
2025-11-22 11:37:41,Bill,BGD-001861,บริษัท ลานนา ไม้อัดไทย จำกัด (สาขาที่ 00001),Success,Successfully processed,276
2025-11-22 11:37:42,Bill,BGD-001862,บริษัท ไทยไพศาลสลักภัณฑ์ จำกัด (สำนักงานใหญ่),Success,Successfully processed,277
2025-11-22 11:37:43,Bill,BGD-001865,บริษัท บี อาร์ ที อินเตอร์เทค จำกัด (สำนักงานใหญ่),Success,Successfully processed,278
2025-11-22 11:37:45,Bill,BGD-001867,บริษัท ทีเอเคโพรดัคส์ แอนด์ เซอร์วิสเซส จำกัด (สำนักงานใหญ่),Success,Successfully processed,279
2025-11-22 11:37:46,Bill,BGD-001870,บริษัท ภากรธนสาร จำกัด (สำนักงานใหญ่),Success,Successfully processed,280
2025-11-22 11:37:47,Bill,BGD-001872,บริษัท ภากรธนสาร จำกัด (สำนักงานใหญ่),Success,Successfully processed,281
2025-11-22 11:37:49,Bill,BGD-001874,บริษัท บีเอสเค อินเตอร์เนชั่นแนล จำกัด (สำนักงานใหญ่),Success,Successfully processed,282
2025-11-22 11:37:50,Bill,BGD-001875,บริษัท พี.เอส.เอ็ม.ฮาร์ดแวร์ จำกัด (สำนักงานใหญ่),Success,Successfully processed,283
2025-11-22 11:37:52,Bill,BGD-001876,บริษัท พี.เอส.เอ็ม.ฮาร์ดแวร์ จำกัด (สำนักงานใหญ่),Success,Successfully processed,284
2025-11-22 11:37:53,Bill,BGD-001878,บริษัท พอร์ท 09 จำกัด (สำนักงานใหญ่),Success,Successfully processed,285
2025-11-22 11:37:54,Bill,BGD-001882,บริษัท เจ เอส เมคคานิค จำกัด (สำนักงานใหญ่),Success,Successfully processed,286
2025-11-22 11:37:55,Bill,BGD-001884,บริษัท เอช เอ็ม พลาสติกส์ดีโป้ จำกัด (สำนักงานใหญ่),Success,Successfully processed,287
2025-11-22 11:37:57,Bill,BGD-001885,บริษัท ภากรธนสาร จำกัด (สำนักงานใหญ่),Success,Successfully processed,288
2025-11-22 11:37:58,Bill,BGD-001886,บริษัท ภากรธนสาร จำกัด (สำนักงานใหญ่),Success,Successfully processed,289
2025-11-22 11:37:59,Bill,BGD-001887,บริษัท ภากรธนสาร จำกัด (สำนักงานใหญ่),Success,Successfully processed,290
2025-11-22 11:38:00,Bill,BGD-001888,บริษัท แพนสยาม แมนูแฟคเจอริ่ง จำกัด (สำนักงานใหญ่),Success,Successfully processed,291
2025-11-22 11:38:01,Bill,BGD-001889,บริษัท 9889 (ประเทศไทย) จำกัด สาขาที่ 00001,Success,Successfully processed,192
2025-11-22 11:38:03,Bill,BGD-001890,บริษัท ควอลิตี้ลามิเนเตอร์ จำกัด (สำนักงานใหญ่),Success,Successfully processed,211
2025-11-22 11:38:04,Bill,BGD-001891,บริษัท แกรนด์ ปีรามิด จำกัด (สำนักงานใหญ่),Success,Successfully processed,208
2025-11-22 11:38:06,Bill,BGD-001892,บริษัท เอ.เอส.วินเนอร์ จำกัด (สำนักงานใหญ่),Success,Successfully processed,292
2025-11-22 11:38:07,Bill,BGD-001893,บริษัท เอส.อาร์.อาร์. ฟาสเทนเนอร์ จำกัด  (สำนักงานใหญ่),Success,Successfully processed,293
2025-11-22 11:38:09,Bill,BGD-001894,บริษัท เฮเฟเล่ (ประเทศไทย) จำกัด สาขาที่ 00007,Success,Successfully processed,294
2025-11-22 11:38:10,Bill,BGD-001895,บริษัท ไมโรโทน (ประเทศไทย) จำกัด (สำนักงานใหญ่),Success,Successfully processed,295
2025-11-22 11:38:11,Bill,BGD-001897,บริษัท พี.เอส.เอ็ม.ฮาร์ดแวร์ จำกัด (สำนักงานใหญ่),Success,Successfully processed,296
2025-11-22 11:38:13,Bill,BGD-001898,บริษัท พี.เอส.เอ็ม.ฮาร์ดแวร์ จำกัด (สำนักงานใหญ่),Success,Successfully processed,297
2025-11-22 11:38:14,Bill,BGD-001899,บริษัท ควอลิตี้ลามิเนเตอร์ จำกัด (สำนักงานใหญ่),Success,Successfully processed,212
2025-11-22 11:38:16,Bill,BGD-001900,ห้างหุ้นส่วนจำกัด วินแม็กซ์ มาร์เก็ตติ้ง,Success,Successfully processed,298
2025-11-22 11:38:17,Bill,BGD-001901,ตั้งชุงเฮงเทรดดิ้ง (สำนักงานใหญ่),Success,Successfully processed,173
2025-11-22 11:38:18,Bill,BGD-001902,ตั้งชุงเฮงเทรดดิ้ง (สำนักงานใหญ่),Success,Successfully processed,174
2025-11-22 11:38:20,Bill,BGD-001903,บริษัท ไมโรโทน (ประเทศไทย) จำกัด (สำนักงานใหญ่),Success,Successfully processed,299
2025-11-22 11:38:21,Bill,BGD-001905,บริษัท ซี.เค.บี.เพลท สตีล จำกัด (สำนักงานใหญ่),Success,Successfully processed,300
2025-11-22 11:38:22,Bill,BGD-001906,บริษัท เอช เอ็ม พลาสติกส์ดีโป้ จำกัด (สำนักงานใหญ่),Success,Successfully processed,301
2025-11-22 11:38:24,Bill,BGD-001907,บริษัท วีพีไอ อินดัสตรี จำกัด (สำนักงานใหญ่),Success,Successfully processed,302
2025-11-22 11:38:25,Bill,BGD-001908,ห้างหุ้นส่วนจำกัด พี โฟร์ มาร์เก็ตติ้ง(สำนักงานใหญ่),Success,Successfully processed,303
2025-11-22 11:38:26,Bill,BGD-001909,บริษัท ที กรุ๊ป เอ็นจิเนียแอนด์แมชชีนทูล จำกัด (สำนักงานใหญ่),Success,Successfully processed,304
2025-11-22 11:38:28,Bill,BGD-001913,บริษัท 9889 (ประเทศไทย) จำกัด สาขาที่ 00001,Success,Successfully processed,193
2025-11-22 11:38:29,Bill,BGD-001914,บริษัท ที กรุ๊ป เอ็นจิเนียแอนด์แมชชีนทูล จำกัด (สำนักงานใหญ่),Success,Successfully processed,305
2025-11-22 11:38:30,Bill,BGD-001915,บริษัท สตาร์-บอนด์ (ไทยแลนด์) จำกัด (สำนักงานใหญ่),Success,Successfully processed,306
2025-11-22 11:38:32,Bill,BGD-001916,บริษัท คราฟท์เฟิร์น จำกัด (สำนักงานใหญ่),Success,Successfully processed,210
2025-11-22 11:38:33,Bill,BGD-001917,บริษัท วี เอส เอท อินเตอร์ จำกัด (สำนักงานใหญ่),Success,Successfully processed,307
2025-11-22 11:38:35,Bill,BGD-001919,เจ้าหนี้การค้าในประเทศ,Success,Successfully processed,73
2025-11-22 11:38:36,Bill,BGD-001920,บริษัท บี อาร์ ที อินเตอร์เทค จำกัด (สำนักงานใหญ่),Success,Successfully processed,308
2025-11-22 11:38:37,Bill,BGD-001921,บริษัท บี อาร์ ที อินเตอร์เทค จำกัด (สำนักงานใหญ่),Success,Successfully processed,309
2025-11-22 11:38:39,Bill,BGD-001922,บริษัท บี อาร์ ที อินเตอร์เทค จำกัด (สำนักงานใหญ่),Success,Successfully processed,310
2025-11-22 11:38:40,Bill,BGD-001923,บริษัท สตาร์มาร์คแมนูแฟคเชอร์ริ่ง จำกัด (สำนักงานใหญ่),Success,Successfully processed,311
2025-11-22 11:38:42,Bill,BGD-001924,บริษัท สตาร์มาร์คแมนูแฟคเชอร์ริ่ง จำกัด (สำนักงานใหญ่),Success,Successfully processed,312
2025-11-22 11:38:44,Bill,BGD-001925,บริษัท สตาร์มาร์คแมนูแฟคเชอร์ริ่ง จำกัด (สำนักงานใหญ่),Success,Successfully processed,313
2025-11-22 11:38:45,Bill,BGD-001926,บริษัท สตาร์มาร์คแมนูแฟคเชอร์ริ่ง จำกัด (สำนักงานใหญ่),Success,Successfully processed,314
2025-11-22 11:38:46,Bill,BGD-001927,บริษัท ภากรธนสาร จำกัด (สำนักงานใหญ่),Success,Successfully processed,315
2025-11-22 11:38:48,Bill,BGD-001928,บริษัท เอส.ที.อินดัสเตรียล กรุ๊ป จำกัด (สำนักงานใหญ่),Success,Successfully processed,316
2025-11-22 11:38:49,Bill,BGD-001929,บริษัท พี.เอส.เอ็ม.ฮาร์ดแวร์ จำกัด (สำนักงานใหญ่),Success,Successfully processed,317
2025-11-22 11:38:51,Bill,BGD-001930,บริษัท พี.เอส.เอ็ม.ฮาร์ดแวร์ จำกัด (สำนักงานใหญ่),Success,Successfully processed,318
2025-11-22 11:38:52,Bill,BGD-001931,บริษัท ภากรธนสาร จำกัด (สำนักงานใหญ่),Success,Successfully processed,319
2025-11-22 11:38:54,Bill,BGD-001932,บริษัท ที กรุ๊ป เอ็นจิเนียแอนด์แมชชีนทูล จำกัด (สำนักงานใหญ่),Success,Successfully processed,320
2025-11-22 11:38:56,Bill,BGD-001933,เจ้าหนี้การค้าในประเทศ,Success,Successfully processed,74
2025-11-22 11:38:57,Bill,BGD-001934,บริษัท ตั้งพัฒนา กระดาษลูกฟูก จำกัด (สำนักงานใหญ่),Success,Successfully processed,321
2025-11-22 11:38:58,Bill,BRO-000001,ไอดอล  ซิสเท่ม  จำกัด,Success,Successfully processed,322
2025-11-22 11:39:00,Bill,BRO-000057,บัณฑิต แอนด์ แมชชีน สเปค จำกัด,Success,Successfully processed,323
2025-11-22 11:39:02,Bill,BRO-000069,พีพี แอนด์ วาย อีควิปเม้นท์ จำกัด,Success,Successfully processed,324
2025-11-22 11:39:04,Bill,BRO-000428,ดี พรีซิชั่น ทูล จำกัด,Success,Successfully processed,325
2025-11-22 11:39:07,Bill,BRO-000641,ยู.พี.เอส.วูดดิ้ง แมชชีน จำกัด,Success,Successfully processed,326
2025-11-22 11:39:08,Bill,BRO-000719,บริษัท พี.เอส.เอ็ม.ฮาร์ดแวร์ จำกัด (สำนักงานใหญ่),Success,Successfully processed,327
2025-11-22 11:39:10,Bill,BRO-000722,บริษัท ดี พรีซิชั่น ทูล จำกัด (สำนักงานใหญ่),Success,Successfully processed,328
2025-11-22 11:39:11,Bill,BRO-000723,บริษัท ดี พรีซิชั่น ทูล จำกัด (สำนักงานใหญ่),Success,Successfully processed,329
2025-11-22 11:39:12,Bill,BRO-000728,บริษัท พี.เอส.เอ็ม.ฮาร์ดแวร์ จำกัด (สำนักงานใหญ่),Success,Successfully processed,330
2025-11-22 11:39:13,Bill,BRO-000755,บริษัท ดี พรีซิชั่น ทูล จำกัด (สำนักงานใหญ่),Success,Successfully processed,331
2025-11-22 11:39:14,Bill,BRO-000757,บริษัท มิลเลนเนียม ออโต้ พาร์ท จำกัด (สำนักงานใหญ่),Success,Successfully processed,332
2025-11-22 11:39:16,Bill,BRO-000759,บริษัท พี.เอส.เอ็ม.ฮาร์ดแวร์ จำกัด (สำนักงานใหญ่),Success,Successfully processed,333
2025-11-22 11:39:17,Bill,BRO-000760,บริษัท พี.เอส.เอ็ม.ฮาร์ดแวร์ จำกัด (สำนักงานใหญ่),Success,Successfully processed,334
2025-11-22 11:39:18,Bill,BRO-000764,บริษัท ไทย วี.พี.คอร์ปอเรชั่น จำกัด (สำนักงานใหญ่),Success,Successfully processed,335
2025-11-22 11:39:20,Bill,BRO-000766,บริษัท ที กรุ๊ป เอ็นจิเนียแอนด์แมชชีนทูล จำกัด (สำนักงานใหญ่),Success,Successfully processed,336
2025-11-22 11:39:21,Bill,BRO-000767,บริษัท ดี พรีซิชั่น ทูล จำกัด (สำนักงานใหญ่),Success,Successfully processed,337
2025-11-22 11:39:22,Bill,BRO-000768,บริษัท อัลฟา ดีล จำกัด(สำนักงานใหญ่),Success,Successfully processed,338
2025-11-22 11:39:24,Bill,BRO-000769,บริษัท เอลิท โฟร์คลิฟ พาร์ท แอนด์ เวอร์วิส จำกัด (สำนักงานใหญ่),Success,Successfully processed,339
2025-11-22 11:39:25,Bill,BRO-000770,บริษัท พี.เอส.เอ็ม.ฮาร์ดแวร์ จำกัด (สำนักงานใหญ่),Success,Successfully processed,340
2025-11-22 11:39:26,Bill,BRO-000771,บริษัท ไล้ท์ซ ทูลลิ่ง (ประเทศไทย) จำกัด,Success,Successfully processed,341
2025-11-22 11:39:27,Bill,BRO-000772,นายโสพัน เฮม,Success,Successfully processed,176
2025-11-22 11:39:28,Bill,BRO-000773,นายโสพัน เฮม,Success,Successfully processed,177
2025-11-22 11:39:30,Bill,BRO-000774,นายโสพัน เฮม,Success,Successfully processed,178
2025-11-22 11:39:31,Bill,BRO-000775,นายโสพัน เฮม,Success,Successfully processed,179
2025-11-22 11:39:32,Bill,BRO-000776,นายโสพัน เฮม,Success,Successfully processed,180
2025-11-22 11:39:33,Bill,BRO-000777,นายโสพัน เฮม,Success,Successfully processed,181
2025-11-22 11:39:35,Bill,BRO-000778,บริษัท ออฟฟิศเวิร์ค จำกัด (สำนักงานใหญ่),Success,Successfully processed,342
2025-11-22 11:39:36,Bill,BRO-000779,นายโสพัน เฮม,Success,Successfully processed,182
2025-11-22 11:39:37,Bill,BRO-000780,นายโสพัน เฮม,Success,Successfully processed,183
2025-11-22 11:39:38,Bill,BRO-000781,นายโสพัน เฮม,Success,Successfully processed,184
2025-11-22 11:39:40,Bill,BRO-000782,นายโสพัน เฮม,Success,Successfully processed,185
2025-11-22 11:39:41,Bill,BRO-000783,นายโสพัน เฮม,Success,Successfully processed,186
2025-11-22 11:39:43,Bill,BRO-000784,นายโสพัน เฮม,Success,Successfully processed,187
2025-11-22 11:39:44,Bill,BRO-000785,นายโสพัน เฮม,Success,Successfully processed,188
2025-11-22 11:39:45,Bill,BRO-000786,บริษัท ออฟฟิศเมท (ไทย) จำกัด (สำนักงานใหญ่),Success,Successfully processed,343
2025-11-22 11:39:46,Bill,BeginAPC002,เอพี คาร์โก้ โลจิสติกส์ จำกัด,Success,Successfully processed,216
2025-11-22 11:39:48,Bill,BeginCRC006,ซีอาร์ซี ไทวัสดุ (สำนักงานใหญ่),Success,Successfully processed,189
2025-11-22 11:39:49,Bill,CADV6711033,เจ้าหนี้การค้าอื่น,Success,Successfully processed,72
2025-11-22 11:39:50,Bill,GD-0037060,ไทยเหอเฉิน มาร์เบิ้ล แอนด์ แกรนิต จำกัด,Success,Successfully processed,344
2025-11-22 11:39:51,Bill,GD-0043444,ไอดอล  ซิสเท่ม  จำกัด,Success,Successfully processed,345
2025-11-22 11:39:53,Bill,GD-0043683,ไอดอล  ซิสเท่ม  จำกัด,Success,Successfully processed,346
2025-11-22 11:39:54,Bill,GD-0043714,ไอดอล  ซิสเท่ม  จำกัด,Success,Successfully processed,347
2025-11-22 11:39:55,Bill,GD-0043770,ไอดอล  ซิสเท่ม  จำกัด,Success,Successfully processed,348
2025-11-22 11:39:56,Bill,GD-0043786,ไอดอล  ซิสเท่ม  จำกัด,Success,Successfully processed,349
2025-11-22 11:39:58,Bill,GD-0043787,ไอดอล  ซิสเท่ม  จำกัด,Success,Successfully processed,350
2025-11-22 11:39:59,Bill,GD-0043788,ไอดอล  ซิสเท่ม  จำกัด,Success,Successfully processed,351
2025-11-22 11:40:00,Bill,GD-0043824,ไอดอล  ซิสเท่ม  จำกัด,Success,Successfully processed,352
2025-11-22 11:40:01,Bill,GD-0043825,ไอดอล  ซิสเท่ม  จำกัด,Success,Successfully processed,353
2025-11-22 11:40:03,Bill,GD-0043826,ไอดอล  ซิสเท่ม  จำกัด,Success,Successfully processed,354
2025-11-22 11:40:05,Bill,GD-0043895,ไอดอล  ซิสเท่ม  จำกัด,Success,Successfully processed,355
2025-11-22 11:40:06,Bill,GD-0043896,ไอดอล  ซิสเท่ม  จำกัด,Success,Successfully processed,356
2025-11-22 11:40:07,Bill,GD-0043897,ไอดอล  ซิสเท่ม  จำกัด,Success,Successfully processed,357
2025-11-22 11:40:09,Bill,GD-0043905,ไอดอล  ซิสเท่ม  จำกัด,Success,Successfully processed,358
2025-11-22 11:40:11,Bill,GD-0043906,ไอดอล  ซิสเท่ม  จำกัด,Success,Successfully processed,359
2025-11-22 11:40:12,Bill,GD-0043916,ไอดอล  ซิสเท่ม  จำกัด,Success,Successfully processed,360
2025-11-22 11:40:14,Bill,GD-0043918,ไอดอล  ซิสเท่ม  จำกัด,Success,Successfully processed,361
2025-11-22 11:40:15,Bill,GD-0043927,ไอดอล  ซิสเท่ม  จำกัด,Success,Successfully processed,362
2025-11-22 11:40:16,Bill,GD-0043980,ไอดอล  ซิสเท่ม  จำกัด,Success,Successfully processed,363
2025-11-22 11:40:18,Bill,GD-0043981,ไอดอล  ซิสเท่ม  จำกัด,Success,Successfully processed,364
2025-11-22 11:40:19,Bill,GD-0044001,ไอดอล  ซิสเท่ม  จำกัด,Success,Successfully processed,365
2025-11-22 11:40:21,Bill,GD-0044005,ไอดอล  ซิสเท่ม  จำกัด,Success,Successfully processed,366
2025-11-22 11:40:22,Bill,GD-0044007,ไอดอล  ซิสเท่ม  จำกัด,Success,Successfully processed,367
2025-11-22 11:40:24,Bill,GD-0044027,ไอดอล  ซิสเท่ม  จำกัด,Success,Successfully processed,368
2025-11-22 11:40:25,Bill,GD-0044028,ไอดอล  ซิสเท่ม  จำกัด,Success,Successfully processed,369
2025-11-22 11:40:26,Bill,GD-0044029,ไอดอล  ซิสเท่ม  จำกัด,Success,Successfully processed,370
2025-11-22 11:40:28,Bill,GD-0044075,ไอดอล  ซิสเท่ม  จำกัด,Success,Successfully processed,371
2025-11-22 11:40:29,Bill,GD-0044077,ไอดอล  ซิสเท่ม  จำกัด,Success,Successfully processed,372
2025-11-22 11:40:31,Bill,GD-0044079,ไอดอล  ซิสเท่ม  จำกัด,Success,Successfully processed,373
2025-11-22 11:40:32,Bill,GD-0044124,ไอดอล  ซิสเท่ม  จำกัด,Success,Successfully processed,374
2025-11-22 11:40:33,Bill,GD-0044129,ไอดอล  ซิสเท่ม  จำกัด,Success,Successfully processed,375
2025-11-22 11:40:34,Bill,GD-0044156,ไอดอล  ซิสเท่ม  จำกัด,Success,Successfully processed,376
2025-11-22 11:40:36,Bill,GD-0044157,ไอดอล  ซิสเท่ม  จำกัด,Success,Successfully processed,377
2025-11-22 11:40:38,Bill,GD-0044158,ไอดอล  ซิสเท่ม  จำกัด,Success,Successfully processed,378
2025-11-22 11:40:39,Bill,GD-0044167,ไอดอล  ซิสเท่ม  จำกัด,Success,Successfully processed,379
2025-11-22 11:40:40,Bill,GD-0044168,ไอดอล  ซิสเท่ม  จำกัด,Success,Successfully processed,380
2025-11-22 11:40:42,Bill,GD-0044190,ไอดอล  ซิสเท่ม  จำกัด,Success,Successfully processed,381
2025-11-22 11:40:43,Bill,GD-0044191,ไอดอล  ซิสเท่ม  จำกัด,Success,Successfully processed,382
2025-11-22 11:40:44,Bill,GD-0044220,ไอดอล  ซิสเท่ม  จำกัด,Success,Successfully processed,383
2025-11-22 11:40:46,Bill,GD-0044221,ไอดอล  ซิสเท่ม  จำกัด,Success,Successfully processed,384
2025-11-22 11:40:47,Bill,GD-0044222,ไอดอล  ซิสเท่ม  จำกัด,Success,Successfully processed,385
2025-11-22 11:40:48,Bill,GD-0044276,ไอดอล  ซิสเท่ม  จำกัด,Success,Successfully processed,386
2025-11-22 11:40:50,Bill,GD-0044277,ไอดอล  ซิสเท่ม  จำกัด,Success,Successfully processed,387
2025-11-22 11:40:51,Bill,GD-0044323,พี.เอส.เอ็ม.ฮาร์ดแวร์ จำกัด,Success,Successfully processed,388
2025-11-22 11:40:52,Bill,GD-0044345,ไอดอล  ซิสเท่ม  จำกัด,Success,Successfully processed,389
2025-11-22 11:40:53,Bill,GD-0044346,บริษัท กวงเชียง เฟรมแอนด์ซัพพลาย จำกัด(สำนักงานใหญ่),Success,Successfully processed,205
2025-11-22 11:40:55,Bill,GD-0044351,บริษัท วี พี เค ยูไนเต็ด จำกัด (สำนักงานใหญ่),Success,Successfully processed,390
2025-11-22 11:40:56,Bill,GD-0044380,บริษัท วี พี เค ยูไนเต็ด จำกัด (สำนักงานใหญ่),Success,Successfully processed,391
2025-11-22 11:40:57,Bill,GD-0044381,บริษัท วี พี เค ยูไนเต็ด จำกัด (สำนักงานใหญ่),Success,Successfully processed,392
2025-11-22 11:40:58,Bill,GD-0044408,บริษัท วี พี เค ยูไนเต็ด จำกัด (สำนักงานใหญ่),Success,Successfully processed,393
2025-11-22 11:41:00,Bill,GD-0044411,บริษัท กลุ่มสยามบรรจุภัณฑ์ จำกัด (สาขาที่ 00001),Success,Successfully processed,203
2025-11-22 11:41:01,Bill,GD-0044428,บริษัท เอ ซี เอส ฮาร์ดแวร์ จำกัด (สำนักงานใหญ่),Success,Successfully processed,394
2025-11-22 11:41:02,Bill,GD-0044429,บริษัท ซาโนวา มาเบิ้ล สโตน จำกัด (สำนักงานใหญ่),Success,Successfully processed,395
2025-11-22 11:41:03,Bill,GD-0044430,บริษัท เอ.เอส.วินเนอร์ จำกัด (สำนักงานใหญ่),Success,Successfully processed,396
2025-11-22 11:41:05,Bill,GD-0044431,บริษัท ไทยอุตสาหกรรมเครื่องปั้นดินเผา จำกัด (สำนักงานใหญ่),Success,Successfully processed,397
2025-11-22 11:41:06,Bill,GD-0044432,บริษัท ไทยอุตสาหกรรมเครื่องปั้นดินเผา จำกัด (สำนักงานใหญ่),Success,Successfully processed,398
2025-11-22 11:41:07,Bill,GD-0044433,บริษัท ไทยอุตสาหกรรมเครื่องปั้นดินเผา จำกัด (สำนักงานใหญ่),Success,Successfully processed,399
2025-11-22 11:41:09,Bill,GD-0044434,บริษัท เอ ซี เอส ฮาร์ดแวร์ จำกัด (สำนักงานใหญ่),Success,Successfully processed,400
2025-11-22 11:41:10,Bill,GD-0044435,บริษัท ไทยอุตสาหกรรมเครื่องปั้นดินเผา จำกัด (สำนักงานใหญ่),Success,Successfully processed,401
2025-11-22 11:41:11,Bill,GD-0044436,บริษัท ไทยอุตสาหกรรมเครื่องปั้นดินเผา จำกัด (สำนักงานใหญ่),Success,Successfully processed,402
2025-11-22 11:41:12,Bill,GD-0044437,บริษัท ทิฟฟานี เดคคอร์ จำกัด (สำนักงานใหญ่),Success,Successfully processed,403
2025-11-22 11:41:14,Bill,GD-0044441,บริษัท เอช เอ็ม พลาสติกส์ดีโป้ จำกัด (สำนักงานใหญ่),Success,Successfully processed,404
2025-11-22 11:41:15,Bill,GD-0044444,หจก. ซี.เค.อุตสาหกรรม กล่องกระดาษ (สำนักงานใหญ่),Success,Successfully processed,405
2025-11-22 11:41:16,Bill,GD-0044445,บริษัท วี พี เค ยูไนเต็ด จำกัด (สำนักงานใหญ่),Success,Successfully processed,406
2025-11-22 11:41:18,Bill,GD-0044446,บริษัท ไดรย์ ซานิทารี่ แวร์ จำกัด (สำนักงานใหญ่),Success,Successfully processed,407
2025-11-22 11:41:19,Bill,GD-0044450,บริษัท ไทยอุตสาหกรรมเครื่องปั้นดินเผา จำกัด (สำนักงานใหญ่),Success,Successfully processed,408
2025-11-22 11:41:22,Bill,GD-0044451,บริษัท ไทยอุตสาหกรรมเครื่องปั้นดินเผา จำกัด (สำนักงานใหญ่),Success,Successfully processed,409
2025-11-22 11:41:23,Bill,GD-0044452,บริษัท ไทยอุตสาหกรรมเครื่องปั้นดินเผา จำกัด (สำนักงานใหญ่),Success,Successfully processed,410
2025-11-22 11:41:25,Bill,GD-0044453,บริษัท ไทยอุตสาหกรรมเครื่องปั้นดินเผา จำกัด (สำนักงานใหญ่),Success,Successfully processed,411
2025-11-22 11:41:26,Bill,GD-0044458,บริษัท วี พี เค ยูไนเต็ด จำกัด (สำนักงานใหญ่),Success,Successfully processed,412
2025-11-22 11:41:28,Bill,GD-0044460,บริษัท เอ ซี เอส ฮาร์ดแวร์ จำกัด (สำนักงานใหญ่),Success,Successfully processed,413
2025-11-22 11:41:29,Bill,GD-0044461,บริษัท ไทยอุตสาหกรรมเครื่องปั้นดินเผา จำกัด (สำนักงานใหญ่),Success,Successfully processed,414
2025-11-22 11:41:31,Bill,GD-0044462,บริษัท ไทยอุตสาหกรรมเครื่องปั้นดินเผา จำกัด (สำนักงานใหญ่),Success,Successfully processed,415
2025-11-22 11:41:33,Bill,GD-0044463,บริษัท ไทยอุตสาหกรรมเครื่องปั้นดินเผา จำกัด (สำนักงานใหญ่),Success,Successfully processed,416
2025-11-22 11:41:34,Bill,GD-0044464,บริษัท ไทยอุตสาหกรรมเครื่องปั้นดินเผา จำกัด (สำนักงานใหญ่),Success,Successfully processed,417
2025-11-22 11:41:35,Bill,GD-0044465,บริษัท ไทยอุตสาหกรรมเครื่องปั้นดินเผา จำกัด (สำนักงานใหญ่),Success,Successfully processed,418
2025-11-22 11:41:36,Bill,GD-0044466,บริษัท ไทยอุตสาหกรรมเครื่องปั้นดินเผา จำกัด (สำนักงานใหญ่),Success,Successfully processed,419
2025-11-22 11:41:37,Bill,GD-0044467,บริษัท สตาร์มาร์คแมนูแฟคเชอร์ริ่ง จำกัด (สำนักงานใหญ่),Success,Successfully processed,420
2025-11-22 11:41:39,Bill,GD-0044468,บริษัท สตาร์มาร์คแมนูแฟคเชอร์ริ่ง จำกัด (สำนักงานใหญ่),Success,Successfully processed,421
2025-11-22 11:41:41,Bill,GD-0044469,บริษัท ไทยอุตสาหกรรมเครื่องปั้นดินเผา จำกัด (สำนักงานใหญ่),Success,Successfully processed,422
2025-11-22 11:41:42,Bill,GD-0044470,บริษัท ไทยอุตสาหกรรมเครื่องปั้นดินเผา จำกัด (สำนักงานใหญ่),Success,Successfully processed,423
2025-11-22 11:41:43,Bill,GD-0044471,บริษัท ไทยอุตสาหกรรมเครื่องปั้นดินเผา จำกัด (สำนักงานใหญ่),Success,Successfully processed,424
2025-11-22 11:41:45,Bill,GD-0044472,บริษัท ไทยอุตสาหกรรมเครื่องปั้นดินเผา จำกัด (สำนักงานใหญ่),Success,Successfully processed,425
2025-11-22 11:41:46,Bill,GD-0044473,บริษัท ไทยอุตสาหกรรมเครื่องปั้นดินเผา จำกัด (สำนักงานใหญ่),Success,Successfully processed,426
2025-11-22 11:41:48,Bill,GD-0044474,บริษัท ไทยอุตสาหกรรมเครื่องปั้นดินเผา จำกัด (สำนักงานใหญ่),Success,Successfully processed,427
2025-11-22 11:41:49,Bill,GD-0044475,บริษัท ไทยอุตสาหกรรมเครื่องปั้นดินเผา จำกัด (สำนักงานใหญ่),Success,Successfully processed,428
2025-11-22 11:41:51,Bill,GD-0044476,บริษัท ไทยอุตสาหกรรมเครื่องปั้นดินเผา จำกัด (สำนักงานใหญ่),Success,Successfully processed,429
2025-11-22 11:41:52,Bill,GD-0044477,บริษัท เกร๊ดดี้ กรุ๊พ (ประเทศไทย) จำกัด(สำนักงานใหญ่),Success,Successfully processed,207
2025-11-22 11:41:53,Bill,GD-0044478,หจก. พีพี พีค พริ้นติ้งแอนด์เซอร์วิส (สำนักงานใหญ่),Success,Successfully processed,430
2025-11-22 11:41:55,Bill,GD-0044479,บริษัท ปีราเน่ จำกัด (สำนักงานใหญ่),Success,Successfully processed,431
2025-11-22 11:41:56,Bill,GD-0044480,บริษัท ไทยอุตสาหกรรมเครื่องปั้นดินเผา จำกัด (สำนักงานใหญ่),Success,Successfully processed,432
2025-11-22 11:41:57,Bill,GD-0044481,บริษัท ไทยอุตสาหกรรมเครื่องปั้นดินเผา จำกัด (สำนักงานใหญ่),Success,Successfully processed,433
2025-11-22 11:41:58,Bill,GD-0044482,บริษัท ไทยอุตสาหกรรมเครื่องปั้นดินเผา จำกัด (สำนักงานใหญ่),Success,Successfully processed,434
2025-11-22 11:41:59,Bill,GD-0044483,บริษัท ไทยอุตสาหกรรมเครื่องปั้นดินเผา จำกัด (สำนักงานใหญ่),Success,Successfully processed,435
2025-11-22 11:42:00,Bill,GD-0044484,บริษัท ไทยอุตสาหกรรมเครื่องปั้นดินเผา จำกัด (สำนักงานใหญ่),Success,Successfully processed,436
2025-11-22 11:42:02,Bill,GD-0044485,บริษัท สตาร์มาร์คแมนูแฟคเชอร์ริ่ง จำกัด (สำนักงานใหญ่),Success,Successfully processed,437
2025-11-22 11:42:03,Bill,GD-0044486,บริษัท สยาม อาร์ต มาร์เบิล จำกัด (สำนักงานใหญ่),Success,Successfully processed,438
2025-11-22 11:42:04,Bill,GD-0044490,บริษัท สตาร์มาร์คแมนูแฟคเชอร์ริ่ง จำกัด (สำนักงานใหญ่),Success,Successfully processed,439
2025-11-22 11:42:05,Bill,GD-0044491,บริษัท ไทยอุตสาหกรรมเครื่องปั้นดินเผา จำกัด (สำนักงานใหญ่),Success,Successfully processed,440
2025-11-22 11:42:06,Bill,GD-0044492,บริษัท ไทยอุตสาหกรรมเครื่องปั้นดินเผา จำกัด (สำนักงานใหญ่),Success,Successfully processed,441
2025-11-22 11:42:08,Bill,GD-0044493,บริษัท ไทยอุตสาหกรรมเครื่องปั้นดินเผา จำกัด (สำนักงานใหญ่),Success,Successfully processed,442
2025-11-22 11:42:09,Bill,GD-0044495,บริษัท กลุ่มสยามบรรจุภัณฑ์ จำกัด (สาขาที่ 00001),Success,Successfully processed,204
2025-11-22 11:42:10,Bill,GD-0044496,บริษัท ซาโนวา มาเบิ้ล สโตน จำกัด (สำนักงานใหญ่),Success,Successfully processed,443
2025-11-22 11:42:12,Bill,GD-0044497,ไอดอล  ซิสเท่ม  จำกัด,Success,Successfully processed,444
2025-11-22 11:42:13,Bill,GD-0044498,บริษัท ซี.เค.บี.เพลท สตีล จำกัด (สำนักงานใหญ่),Success,Successfully processed,445
2025-11-22 11:42:14,Bill,GD-0044499,ธ.ธนนนท์  (คุณบุษรินทร์ อ่อนโพธิเอน),Success,Successfully processed,175
2025-11-22 11:42:15,Bill,GD-0044500,บริษัท ไทยอุตสาหกรรมเครื่องปั้นดินเผา จำกัด (สำนักงานใหญ่),Success,Successfully processed,446
2025-11-22 11:42:17,Bill,GD-0044501,บริษัท ไทยอุตสาหกรรมเครื่องปั้นดินเผา จำกัด (สำนักงานใหญ่),Success,Successfully processed,447
2025-11-22 11:42:18,Bill,GD-0044502,บริษัท ไทยอุตสาหกรรมเครื่องปั้นดินเผา จำกัด (สำนักงานใหญ่),Success,Successfully processed,448
2025-11-22 11:42:19,Bill,GD-0044503,บริษัท คิงบางกอกอินเตอร์เทรด จำกัด (สำนักงานใหญ่),Success,Successfully processed,449
2025-11-22 11:42:20,Bill,GD-0044504,บริษัท ที กรุ๊ป เอ็นจิเนียแอนด์แมชชีนทูล จำกัด (สำนักงานใหญ่),Success,Successfully processed,450
2025-11-22 11:42:22,Bill,GD-0044505,บริษัท ซี.เค.บี.เพลท สตีล จำกัด (สำนักงานใหญ่),Success,Successfully processed,451
2025-11-22 11:42:23,Bill,GD-0044506,บริษัท ไทยอุตสาหกรรมเครื่องปั้นดินเผา จำกัด (สำนักงานใหญ่),Success,Successfully processed,452
2025-11-22 11:42:24,Bill,GD-0044507,บริษัท ไทยอุตสาหกรรมเครื่องปั้นดินเผา จำกัด (สำนักงานใหญ่),Success,Successfully processed,453
2025-11-22 11:42:25,Bill,GD-0044508,บริษัท ไทยอุตสาหกรรมเครื่องปั้นดินเผา จำกัด (สำนักงานใหญ่),Success,Successfully processed,454
2025-11-22 11:42:27,Bill,GD-0044509,บริษัท ไทยอุตสาหกรรมเครื่องปั้นดินเผา จำกัด (สำนักงานใหญ่),Success,Successfully processed,455
2025-11-22 11:42:28,Bill,GD-0044510,บริษัท ไทยอุตสาหกรรมเครื่องปั้นดินเผา จำกัด (สำนักงานใหญ่),Success,Successfully processed,456
2025-11-22 11:42:29,Bill,GD-0044511,บริษัท ไทยอุตสาหกรรมเครื่องปั้นดินเผา จำกัด (สำนักงานใหญ่),Success,Successfully processed,457
2025-11-22 11:42:30,Bill,GD-0044512,บริษัท ศรีไทยซุปเปอร์แวร์ โคราช จำกัด (สำนักงานใหญ่),Success,Successfully processed,458
2025-11-22 11:42:31,Bill,GD-0044513,บริษัท ศรีไทยซุปเปอร์แวร์ โคราช จำกัด (สำนักงานใหญ่),Success,Successfully processed,459
2025-11-22 11:42:33,Bill,GD-0044514,บริษัท ทิฟฟานี เดคคอร์ จำกัด (สำนักงานใหญ่),Success,Successfully processed,460
2025-11-22 11:42:34,Bill,GD-0044516,บริษัท สยาม อาร์ต มาร์เบิล จำกัด (สำนักงานใหญ่),Success,Successfully processed,461
2025-11-22 11:42:35,Bill,GD-0044520,คุณธนพงษ์ จันทร์ดี,Success,Successfully processed,71
2025-11-22 11:42:37,Bill,GD-0044521,บริษัท ออฟฟิศเมท (ไทย) จำกัด (สำนักงานใหญ่),Success,Successfully processed,462
2025-11-22 11:42:38,Bill,GD-0044522,บริษัท ออฟฟิศเวิร์ค จำกัด (สำนักงานใหญ่),Success,Successfully processed,463
2025-11-22 11:42:39,Bill,GD-0044523,บริษัท วี พี เค ยูไนเต็ด จำกัด (สำนักงานใหญ่),Success,Successfully processed,464
2025-11-22 11:42:40,Bill,GD-0044524,บริษัท วี พี เค ยูไนเต็ด จำกัด (สำนักงานใหญ่),Success,Successfully processed,465
2025-11-22 11:42:41,Bill,GD-0044525,บริษัท วี พี เค ยูไนเต็ด จำกัด (สำนักงานใหญ่),Success,Successfully processed,466
2025-11-22 11:42:42,Bill,GD-0044526,หจก. พีพี พีค พริ้นติ้งแอนด์เซอร์วิส (สำนักงานใหญ่),Success,Successfully processed,467
2025-11-22 11:42:44,Bill,GD-0044527,หจก. ซี.เค.อุตสาหกรรม กล่องกระดาษ (สำนักงานใหญ่),Success,Successfully processed,468
2025-11-22 11:42:45,Bill,GD-0044528,หจก. ซี.เค.อุตสาหกรรม กล่องกระดาษ (สำนักงานใหญ่),Success,Successfully processed,469
2025-11-22 11:42:46,Bill,GD-0044529,บริษัท เอ ซี เอส ฮาร์ดแวร์ จำกัด (สำนักงานใหญ่),Success,Successfully processed,470
2025-11-22 11:42:47,Bill,GD-0044530,บริษัท คอมพิวเตอร์ เพอริเฟอรัล แอนด์ ซัพพลายส์ จำกัด (สำนักงานใหญ่),Success,Successfully processed,215
2025-11-22 11:42:49,Bill,GD-0044531,บริษัท นัสโก้ ซานิทารีแวร์ (ประเทศไทย) จำกัด (สำนักงานใหญ่),Success,Successfully processed,471
2025-11-22 11:42:50,Bill,GD-0044532,บริษัท ไทยอุตสาหกรรมเครื่องปั้นดินเผา จำกัด (สำนักงานใหญ่),Success,Successfully processed,472
2025-11-22 11:42:51,Bill,GD-0044533,บริษัท ไทยอุตสาหกรรมเครื่องปั้นดินเผา จำกัด (สำนักงานใหญ่),Success,Successfully processed,473
2025-11-22 11:42:53,Bill,GD-0044534,บริษัท ไทยอุตสาหกรรมเครื่องปั้นดินเผา จำกัด (สำนักงานใหญ่),Success,Successfully processed,474
2025-11-22 11:42:54,Bill,GD-0044535,บริษัท ไทยอุตสาหกรรมเครื่องปั้นดินเผา จำกัด (สำนักงานใหญ่),Success,Successfully processed,475
2025-11-22 11:42:55,Bill,GD-0044536,บริษัท ไทยอุตสาหกรรมเครื่องปั้นดินเผา จำกัด (สำนักงานใหญ่),Success,Successfully processed,476
2025-11-22 11:42:57,Bill,GD-0044538,บริษัท อัลฟา ดีล จำกัด(สำนักงานใหญ่),Success,Successfully processed,477
2025-11-22 11:42:58,Bill,GD-0044539,บริษัท บอร์เนียว เทคนิเคิล (ประเทศไทย) จำกัด (สำนักงานใหญ่),Success,Successfully processed,478
2025-11-22 11:42:59,Bill,GD-0044541,บริษัท วี พี เค ยูไนเต็ด จำกัด (สำนักงานใหญ่),Success,Successfully processed,479
2025-11-22 11:43:00,Bill,GD-0044542,บริษัท วี พี เค ยูไนเต็ด จำกัด (สำนักงานใหญ่),Success,Successfully processed,480
2025-11-22 11:43:02,Bill,GD-0044543,บริษัท ออฟฟิศเวิร์ค จำกัด (สำนักงานใหญ่),Success,Successfully processed,481
2025-11-22 11:43:05,Bill,GI-0003310/1,บริษัท บีเอฟ ทรานสปอร์ต จำกัด ( สำนักงานใหญ่ ),Success,Successfully processed,482
2025-11-22 11:43:06,Bill,GI-0003310/2,บริษัท บีเอฟ ทรานสปอร์ต จำกัด ( สำนักงานใหญ่ ),Success,Successfully processed,483
2025-11-22 11:43:07,Bill,GI-0003310/3,บริษัท บีเอฟ ทรานสปอร์ต จำกัด ( สำนักงานใหญ่ ),Success,Successfully processed,484
2025-11-22 11:43:08,Bill,GI-0003310/4,บริษัท เอพี คาร์โก้ โลจิสติกส์ จำกัด (สำนักงานใหญ่),Success,Successfully processed,485
2025-11-22 11:43:09,Bill,GI-0003310/5,บริษัท เอพี คาร์โก้ โลจิสติกส์ จำกัด (สำนักงานใหญ่),Success,Successfully processed,486
2025-11-22 11:43:11,Bill,GI-0003310/6,บริษัท เอพี คาร์โก้ โลจิสติกส์ จำกัด (สำนักงานใหญ่),Success,Successfully processed,487
2025-11-22 11:43:12,Bill,GI-0003311/1,บริษัท บีเอฟ ทรานสปอร์ต จำกัด ( สำนักงานใหญ่ ),Success,Successfully processed,488
2025-11-22 11:43:13,Bill,GI-0003311/2,บริษัท บีเอฟ ทรานสปอร์ต จำกัด ( สำนักงานใหญ่ ),Success,Successfully processed,489
2025-11-22 11:43:14,Bill,GI-0003311/3,บริษัท บีเอฟ ทรานสปอร์ต จำกัด ( สำนักงานใหญ่ ),Success,Successfully processed,490
2025-11-22 11:43:15,Bill,GI-0003311/4,บริษัท ฟีลิกซ์ เฟรท แอนด์ โลจิสติกส์ จำกัด(สำนักงานใหญ่),Success,Successfully processed,491
2025-11-22 11:43:17,Bill,GI-0003311/5,บริษัท ฟีลิกซ์ เฟรท แอนด์ โลจิสติกส์ จำกัด(สำนักงานใหญ่),Success,Successfully processed,492
2025-11-22 11:43:18,Bill,GI-0003311/6,บริษัท เอพี คาร์โก้ โลจิสติกส์ จำกัด (สำนักงานใหญ่),Success,Successfully processed,493
2025-11-22 11:43:20,Bill,GI-0003311/7,บริษัท เอพี คาร์โก้ โลจิสติกส์ จำกัด (สำนักงานใหญ่),Success,Successfully processed,494
2025-11-22 11:43:21,Bill,GI-0003312/1,บริษัท บีเอฟ ทรานสปอร์ต จำกัด ( สำนักงานใหญ่ ),Success,Successfully processed,495
2025-11-22 11:43:22,Bill,GI-0003312/2,บริษัท บีเอฟ ทรานสปอร์ต จำกัด ( สำนักงานใหญ่ ),Success,Successfully processed,496
2025-11-22 11:43:23,Bill,GI-0003312/3,บริษัท บีเอฟ ทรานสปอร์ต จำกัด ( สำนักงานใหญ่ ),Success,Successfully processed,497
2025-11-22 11:43:25,Bill,GI-0003312/4,บริษัท บีเอฟ ทรานสปอร์ต จำกัด ( สำนักงานใหญ่ ),Success,Successfully processed,498
2025-11-22 11:43:26,Bill,GI-0003312/5,บริษัท บีเอฟ ทรานสปอร์ต จำกัด ( สำนักงานใหญ่ ),Success,Successfully processed,499
2025-11-22 11:43:27,Bill,GI-0003312/6,บริษัท เอพี คาร์โก้ โลจิสติกส์ จำกัด (สำนักงานใหญ่),Success,Successfully processed,500
2025-11-22 11:43:28,Bill,GI-0003312/7,บริษัท เอพี คาร์โก้ โลจิสติกส์ จำกัด (สำนักงานใหญ่),Success,Successfully processed,501
2025-11-22 11:43:30,Bill,GI-0003312/8,บริษัท เอพี คาร์โก้ โลจิสติกส์ จำกัด (สำนักงานใหญ่),Success,Successfully processed,502
2025-11-22 11:43:31,Bill,GI-0003313/1,บริษัท บีเอฟ ทรานสปอร์ต จำกัด ( สำนักงานใหญ่ ),Success,Successfully processed,503
2025-11-22 11:43:32,Bill,GI-0003313/2,บริษัท บีเอฟ ทรานสปอร์ต จำกัด ( สำนักงานใหญ่ ),Success,Successfully processed,504
2025-11-22 11:43:34,Bill,GI-0003313/3,บริษัท บีเอฟ ทรานสปอร์ต จำกัด ( สำนักงานใหญ่ ),Success,Successfully processed,505
2025-11-22 11:43:35,Bill,GI-0003313/4,บริษัท บีเอฟ ทรานสปอร์ต จำกัด ( สำนักงานใหญ่ ),Success,Successfully processed,506
2025-11-22 11:43:36,Bill,GI-0003313/5,บริษัท บีเอฟ ทรานสปอร์ต จำกัด ( สำนักงานใหญ่ ),Success,Successfully processed,507
2025-11-22 11:43:37,Bill,GI-0003313/6,บริษัท เอพี คาร์โก้ โลจิสติกส์ จำกัด (สำนักงานใหญ่),Success,Successfully processed,508
2025-11-22 11:43:39,Bill,GI-0003313/7,บริษัท เอพี คาร์โก้ โลจิสติกส์ จำกัด (สำนักงานใหญ่),Success,Successfully processed,509
2025-11-22 11:43:40,Bill,GI-0003313/8,บริษัท เอพี คาร์โก้ โลจิสติกส์ จำกัด (สำนักงานใหญ่),Success,Successfully processed,510
2025-11-22 11:43:42,Bill,GI-0003314/1,บริษัท บีเอฟ ทรานสปอร์ต จำกัด ( สำนักงานใหญ่ ),Success,Successfully processed,511
2025-11-22 11:43:43,Bill,GI-0003314/2,บริษัท บีเอฟ ทรานสปอร์ต จำกัด ( สำนักงานใหญ่ ),Success,Successfully processed,512
2025-11-22 11:43:45,Bill,GI-0003314/3,บริษัท บีเอฟ ทรานสปอร์ต จำกัด ( สำนักงานใหญ่ ),Success,Successfully processed,513
2025-11-22 11:43:46,Bill,GI-0003314/4,บริษัท บีเอฟ ทรานสปอร์ต จำกัด ( สำนักงานใหญ่ ),Success,Successfully processed,514
2025-11-22 11:43:47,Bill,GI-0003314/5,บริษัท บีเอฟ ทรานสปอร์ต จำกัด ( สำนักงานใหญ่ ),Success,Successfully processed,515
2025-11-22 11:43:48,Bill,GI-0003314/6,บริษัท เอพี คาร์โก้ โลจิสติกส์ จำกัด (สำนักงานใหญ่),Success,Successfully processed,516
2025-11-22 11:43:50,Bill,GI-0003314/7,บริษัท เอพี คาร์โก้ โลจิสติกส์ จำกัด (สำนักงานใหญ่),Success,Successfully processed,517
2025-11-22 11:43:51,Bill,GI-0003314/8,บริษัท เอพี คาร์โก้ โลจิสติกส์ จำกัด (สำนักงานใหญ่),Success,Successfully processed,518
2025-11-22 11:43:52,Bill,GI-0003315/1,บริษัท บีเอฟ ทรานสปอร์ต จำกัด ( สำนักงานใหญ่ ),Success,Successfully processed,519
2025-11-22 11:43:53,Bill,GI-0003315/2,บริษัท บีเอฟ ทรานสปอร์ต จำกัด ( สำนักงานใหญ่ ),Success,Successfully processed,520
2025-11-22 11:43:55,Bill,GI-0003315/3,บริษัท บีเอฟ ทรานสปอร์ต จำกัด ( สำนักงานใหญ่ ),Success,Successfully processed,521
2025-11-22 11:43:56,Bill,GI-0003315/4,บริษัท บีเอฟ ทรานสปอร์ต จำกัด ( สำนักงานใหญ่ ),Success,Successfully processed,522
2025-11-22 11:43:57,Bill,GI-0003315/5,บริษัท บีเอฟ ทรานสปอร์ต จำกัด ( สำนักงานใหญ่ ),Success,Successfully processed,523
2025-11-22 11:43:58,Bill,GI-0003315/6,บริษัท เอพี คาร์โก้ โลจิสติกส์ จำกัด (สำนักงานใหญ่),Success,Successfully processed,524
2025-11-22 11:44:00,Bill,GI-0003315/7,บริษัท เอพี คาร์โก้ โลจิสติกส์ จำกัด (สำนักงานใหญ่),Success,Successfully processed,525
2025-11-22 11:44:01,Bill,GI-0003315/8,บริษัท เอพี คาร์โก้ โลจิสติกส์ จำกัด (สำนักงานใหญ่),Success,Successfully processed,526
2025-11-22 11:44:02,Bill,GI-0003316/1,บริษัท บีเอฟ ทรานสปอร์ต จำกัด ( สำนักงานใหญ่ ),Success,Successfully processed,527
2025-11-22 11:44:03,Bill,GI-0003316/2,บริษัท บีเอฟ ทรานสปอร์ต จำกัด ( สำนักงานใหญ่ ),Success,Successfully processed,528
2025-11-22 11:44:05,Bill,GI-0003316/3,บริษัท บีเอฟ ทรานสปอร์ต จำกัด ( สำนักงานใหญ่ ),Success,Successfully processed,529
2025-11-22 11:44:06,Bill,GI-0003316/4,บริษัท บีเอฟ ทรานสปอร์ต จำกัด ( สำนักงานใหญ่ ),Success,Successfully processed,530
2025-11-22 11:44:07,Bill,GI-0003316/5,บริษัท บีเอฟ ทรานสปอร์ต จำกัด ( สำนักงานใหญ่ ),Success,Successfully processed,531
2025-11-22 11:44:08,Bill,GI-0003316/6,บริษัท เอพี คาร์โก้ โลจิสติกส์ จำกัด (สำนักงานใหญ่),Success,Successfully processed,532
2025-11-22 11:44:09,Bill,GI-0003316/7,บริษัท เอพี คาร์โก้ โลจิสติกส์ จำกัด (สำนักงานใหญ่),Success,Successfully processed,533
2025-11-22 11:44:11,Bill,GI-0003316/8,บริษัท เอพี คาร์โก้ โลจิสติกส์ จำกัด (สำนักงานใหญ่),Success,Successfully processed,534
2025-11-22 11:44:12,Bill,GI-0003317/1,บริษัท บีเอฟ ทรานสปอร์ต จำกัด ( สำนักงานใหญ่ ),Success,Successfully processed,535
2025-11-22 11:44:13,Bill,GI-0003317/2,บริษัท บีเอฟ ทรานสปอร์ต จำกัด ( สำนักงานใหญ่ ),Success,Successfully processed,536
2025-11-22 11:44:15,Bill,GI-0003317/3,บริษัท บีเอฟ ทรานสปอร์ต จำกัด ( สำนักงานใหญ่ ),Success,Successfully processed,537
2025-11-22 11:44:16,Bill,GI-0003317/4,บริษัท เอพี คาร์โก้ โลจิสติกส์ จำกัด (สำนักงานใหญ่),Success,Successfully processed,538
2025-11-22 11:44:17,Bill,GI-0003317/5,บริษัท เอพี คาร์โก้ โลจิสติกส์ จำกัด (สำนักงานใหญ่),Success,Successfully processed,539
2025-11-22 11:44:18,Bill,GI-0003317/6,บริษัท เอพี คาร์โก้ โลจิสติกส์ จำกัด (สำนักงานใหญ่),Success,Successfully processed,540
2025-11-22 11:44:20,Bill,GI-0003318/1,บริษัท บีเอฟ ทรานสปอร์ต จำกัด ( สำนักงานใหญ่ ),Success,Successfully processed,541
2025-11-22 11:44:21,Bill,GI-0003318/2,บริษัท บีเอฟ ทรานสปอร์ต จำกัด ( สำนักงานใหญ่ ),Success,Successfully processed,542
2025-11-22 11:44:22,Bill,GI-0003318/3,บริษัท บีเอฟ ทรานสปอร์ต จำกัด ( สำนักงานใหญ่ ),Success,Successfully processed,543
2025-11-22 11:44:23,Bill,GI-0003318/4,บริษัท เอพี คาร์โก้ โลจิสติกส์ จำกัด (สำนักงานใหญ่),Success,Successfully processed,544
2025-11-22 11:44:25,Bill,GI-0003318/5,บริษัท เอพี คาร์โก้ โลจิสติกส์ จำกัด (สำนักงานใหญ่),Success,Successfully processed,545
2025-11-22 11:44:26,Bill,GI-0003318/6,บริษัท เอพี คาร์โก้ โลจิสติกส์ จำกัด (สำนักงานใหญ่),Success,Successfully processed,546
2025-11-22 11:44:27,Bill,GI-0003319/1,บริษัท บีเอฟ ทรานสปอร์ต จำกัด ( สำนักงานใหญ่ ),Success,Successfully processed,547
2025-11-22 11:44:29,Bill,GI-0003319/2,บริษัท บีเอฟ ทรานสปอร์ต จำกัด ( สำนักงานใหญ่ ),Success,Successfully processed,548
2025-11-22 11:44:30,Bill,GI-0003319/3,บริษัท บีเอฟ ทรานสปอร์ต จำกัด ( สำนักงานใหญ่ ),Success,Successfully processed,549
2025-11-22 11:44:31,Bill,GI-0003319/4,บริษัท เอพี คาร์โก้ โลจิสติกส์ จำกัด (สำนักงานใหญ่),Success,Successfully processed,550
2025-11-22 11:44:33,Bill,GI-0003319/5,บริษัท เอพี คาร์โก้ โลจิสติกส์ จำกัด (สำนักงานใหญ่),Success,Successfully processed,551
2025-11-22 11:44:34,Bill,GI-0003319/6,บริษัท เอพี คาร์โก้ โลจิสติกส์ จำกัด (สำนักงานใหญ่),Success,Successfully processed,552
2025-11-22 11:44:35,Bill,GI-0003320/1,บริษัท บีเอฟ ทรานสปอร์ต จำกัด ( สำนักงานใหญ่ ),Success,Successfully processed,553
2025-11-22 11:44:36,Bill,GI-0003320/2,บริษัท บีเอฟ ทรานสปอร์ต จำกัด ( สำนักงานใหญ่ ),Success,Successfully processed,554
2025-11-22 11:44:38,Bill,GI-0003320/3,บริษัท บีเอฟ ทรานสปอร์ต จำกัด ( สำนักงานใหญ่ ),Success,Successfully processed,555
2025-11-22 11:44:39,Bill,GI-0003320/4,บริษัท เอพี คาร์โก้ โลจิสติกส์ จำกัด (สำนักงานใหญ่),Success,Successfully processed,556
2025-11-22 11:44:40,Bill,GI-0003320/5,บริษัท เอพี คาร์โก้ โลจิสติกส์ จำกัด (สำนักงานใหญ่),Success,Successfully processed,557
2025-11-22 11:44:41,Bill,GI-0003320/6,บริษัท เอพี คาร์โก้ โลจิสติกส์ จำกัด (สำนักงานใหญ่),Success,Successfully processed,558
2025-11-22 11:44:42,Bill,IELO000104,เจ้าหนี้การค้าอื่น,Success,Successfully processed,2
2025-11-22 11:44:44,Bill,IPOS003808,เจ้าหนี้การค้าอื่น,Success,Successfully processed,559
2025-11-22 11:44:45,Bill,IPOS003865,เจ้าหนี้การค้าอื่น,Success,Successfully processed,560
2025-11-22 11:44:47,Bill,IPOS004247,เจ้าหนี้การค้าอื่น,Success,Successfully processed,561
2025-11-22 11:44:48,Bill,IPOS005180,เจ้าหนี้การค้าอื่น,Success,Successfully processed,3
2025-11-22 11:44:49,Bill,IPOS005973,เจ้าหนี้การค้าอื่น,Success,Successfully processed,4
2025-11-22 11:44:50,Bill,IPOS006039,เจ้าหนี้การค้าอื่น,Success,Successfully processed,5
2025-11-22 11:44:52,Bill,IPOS006044,เจ้าหนี้การค้าอื่น,Success,Successfully processed,6
2025-11-22 11:44:53,Bill,IPOS006083,เจ้าหนี้การค้าอื่น,Success,Successfully processed,562
2025-11-22 11:44:54,Bill,IPOS006119,เจ้าหนี้การค้าอื่น,Success,Successfully processed,7
2025-11-22 11:44:55,Bill,IPOS006252,เจ้าหนี้การค้าอื่น,Success,Successfully processed,8
2025-11-22 11:44:56,Bill,IPOS006253,เจ้าหนี้การค้าอื่น,Success,Successfully processed,9
2025-11-22 11:44:57,Bill,IPOS006254,เจ้าหนี้การค้าอื่น,Success,Successfully processed,10
2025-11-22 11:44:59,Bill,IPOS006367,เจ้าหนี้การค้าอื่น,Success,Successfully processed,11
2025-11-22 11:45:00,Bill,IPOS006369,เจ้าหนี้การค้าอื่น,Success,Successfully processed,12
2025-11-22 11:45:01,Bill,IPOS006370,เจ้าหนี้การค้าอื่น,Success,Successfully processed,13
2025-11-22 11:45:02,Bill,IPOS006371,เจ้าหนี้การค้าอื่น,Success,Successfully processed,14
2025-11-22 11:45:04,Bill,IPOS006372,เจ้าหนี้การค้าอื่น,Success,Successfully processed,15
2025-11-22 11:45:05,Bill,JV5612036/1,เจ้าหนี้การค้าอื่น,Success,Successfully processed,142
2025-11-22 11:45:06,Bill,JV5612036/2,เจ้าหนี้การค้าอื่น,Success,Successfully processed,143
2025-11-22 11:45:08,Bill,JV5612036/3,เจ้าหนี้การค้าอื่น,Success,Successfully processed,144
2025-11-22 11:45:09,Bill,JV5712040/1,เจ้าหนี้การค้าอื่น,Success,Successfully processed,145
2025-11-22 11:45:10,Bill,JV5712040/2,เจ้าหนี้การค้าอื่น,Success,Successfully processed,146
2025-11-22 11:45:11,Bill,JV5712040/3,เจ้าหนี้การค้าอื่น,Success,Successfully processed,147
2025-11-22 11:45:13,Bill,JV5712040/4,เจ้าหนี้การค้าอื่น,Success,Successfully processed,148
2025-11-22 11:45:14,Bill,JV5812056/1,เจ้าหนี้การค้าอื่น,Success,Successfully processed,149
2025-11-22 11:45:16,Bill,JV5812056/2,เจ้าหนี้การค้าอื่น,Success,Successfully processed,150
2025-11-22 11:45:17,Bill,JV5812056/3,เจ้าหนี้การค้าอื่น,Success,Successfully processed,151
2025-11-22 11:45:18,Bill,JV5912035/1,เจ้าหนี้การค้าอื่น,Success,Successfully processed,152
2025-11-22 11:45:20,Bill,JV5912035/2,เจ้าหนี้การค้าอื่น,Success,Successfully processed,153
2025-11-22 11:45:21,Bill,JV5912036,เจ้าหนี้การค้าอื่น,Success,Successfully processed,154
2025-11-22 11:45:22,Bill,PR5511051,เจ้าหนี้การค้าในประเทศ,Success,Successfully processed,69
2025-11-22 11:45:23,Bill,PR5512116,เจ้าหนี้การค้าในประเทศ,Success,Successfully processed,70
2025-11-22 11:45:25,Bill,PR5606153,เจ้าหนี้การค้าอื่น,Success,Successfully processed,563
2025-11-22 11:45:26,Bill,PR5708139,เจ้าหนี้การค้าในประเทศ,Success,Successfully processed,67
2025-11-22 11:45:27,Bill,PR5904309,วี พี เค ยูไนเต็ด จำกัด,Success,Successfully processed,564
2025-11-22 11:45:28,Bill,PR5912199,เจ้าหนี้การค้าในประเทศ,Success,Successfully processed,68
2025-11-22 11:45:29,Bill,RD62060072,เจ้าหนี้การค้าอื่น,Success,Successfully processed,39
2025-11-22 11:45:30,Bill,RD62100346,เจ้าหนี้การค้าอื่น,Success,Successfully processed,49
2025-11-22 11:45:31,Bill,RD62110153,เจ้าหนี้การค้าอื่น,Success,Successfully processed,33
2025-11-22 11:45:32,Bill,RD63010041,เจ้าหนี้การค้าอื่น,Success,Successfully processed,40
2025-11-22 11:45:33,Bill,RD63010212,เจ้าหนี้การค้าอื่น,Success,Successfully processed,27
2025-11-22 11:45:34,Bill,RD63030334,เจ้าหนี้การค้าอื่น,Success,Successfully processed,32
2025-11-22 11:45:36,Bill,RD63050090,เจ้าหนี้การค้าอื่น,Success,Successfully processed,31
2025-11-22 11:45:37,Bill,RD63060183,เจ้าหนี้การค้าอื่น,Success,Successfully processed,28
2025-11-22 11:45:38,Bill,RD63100167,เจ้าหนี้การค้าอื่น,Success,Successfully processed,47
2025-11-22 11:45:39,Bill,RD63100260,เจ้าหนี้การค้าอื่น,Success,Successfully processed,37
2025-11-22 11:45:40,Bill,RD63110291,เจ้าหนี้การค้าอื่น,Success,Successfully processed,48
2025-11-22 11:45:41,Bill,RD64030146,เจ้าหนี้การค้าอื่น,Success,Successfully processed,43
2025-11-22 11:45:42,Bill,RD64050154,เจ้าหนี้การค้าอื่น,Success,Successfully processed,29
2025-11-22 11:45:44,Bill,RD64080153,เจ้าหนี้การค้าอื่น,Success,Successfully processed,41
2025-11-22 11:45:45,Bill,RD64110103,เจ้าหนี้การค้าอื่น,Success,Successfully processed,42
2025-11-22 11:45:46,Bill,RD65050145,เจ้าหนี้การค้าอื่น,Success,Successfully processed,50
2025-11-22 11:45:47,Bill,RD65050245,เจ้าหนี้การค้าอื่น,Success,Successfully processed,35
2025-11-22 11:45:48,Bill,RD65100063,เจ้าหนี้การค้าอื่น,Success,Successfully processed,66
2025-11-22 11:45:49,Bill,RD65100068,เจ้าหนี้การค้าอื่น,Success,Successfully processed,26
2025-11-22 11:45:51,Bill,RD66030112,เจ้าหนี้การค้าอื่น,Success,Successfully processed,18
2025-11-22 11:45:52,Bill,RD66050094,เจ้าหนี้การค้าอื่น,Success,Successfully processed,30
2025-11-22 11:45:53,Bill,RD66080100,เจ้าหนี้การค้าอื่น,Success,Successfully processed,36
2025-11-22 11:45:54,Bill,RD66110017,เจ้าหนี้การค้าอื่น,Success,Successfully processed,16
2025-11-22 11:45:55,Bill,RD67040165,เจ้าหนี้การค้าอื่น,Success,Successfully processed,34
2025-11-22 11:45:56,Bill,RD67070124,เจ้าหนี้การค้าอื่น,Success,Successfully processed,38
2025-11-22 11:45:58,Bill,RD67070180,เจ้าหนี้การค้าอื่น,Success,Successfully processed,17
2025-11-22 11:45:59,Bill,RD67070215,เจ้าหนี้การค้าอื่น,Success,Successfully processed,19
2025-11-22 11:46:00,Bill,RD67080180,เจ้าหนี้การค้าอื่น,Success,Successfully processed,45
2025-11-22 11:46:01,Bill,RD67100088,เจ้าหนี้การค้าอื่น,Success,Successfully processed,46
2025-11-22 11:46:03,Bill,RD67110054,เจ้าหนี้การค้าอื่น,Success,Successfully processed,51
2025-11-22 11:46:04,Bill,RD67120188,เจ้าหนี้การค้าอื่น,Success,Successfully processed,20
2025-11-22 11:46:05,Bill,RD68020085,เจ้าหนี้การค้าอื่น,Success,Successfully processed,52
2025-11-22 11:46:06,Bill,RD68020143,เจ้าหนี้การค้าอื่น,Success,Successfully processed,53
2025-11-22 11:46:07,Bill,RD68020174,เจ้าหนี้การค้าอื่น,Success,Successfully processed,54
2025-11-22 11:46:09,Bill,RD68030035,เจ้าหนี้การค้าอื่น,Success,Successfully processed,55
2025-11-22 11:46:10,Bill,RD68050199,เจ้าหนี้การค้าอื่น,Success,Successfully processed,56
2025-11-22 11:46:11,Bill,RD68060041,เจ้าหนี้การค้าอื่น,Success,Successfully processed,44
2025-11-22 11:46:12,Bill,RD68060152,เจ้าหนี้การค้าอื่น,Success,Successfully processed,57
2025-11-22 11:46:13,Bill,RD68060153,เจ้าหนี้การค้าอื่น,Success,Successfully processed,58
2025-11-22 11:46:15,Bill,RD68060154,เจ้าหนี้การค้าอื่น,Success,Successfully processed,59
2025-11-22 11:46:16,Bill,RD68060207,เจ้าหนี้การค้าอื่น,Success,Successfully processed,60
2025-11-22 11:46:17,Bill,RD68070106,เจ้าหนี้การค้าอื่น,Success,Successfully processed,61
2025-11-22 11:46:18,Bill,RD68070139,เจ้าหนี้การค้าอื่น,Success,Successfully processed,21
2025-11-22 11:46:20,Bill,RD68080186,เจ้าหนี้การค้าอื่น,Success,Successfully processed,62
2025-11-22 11:46:21,Bill,RD68080207,เจ้าหนี้การค้าอื่น,Success,Successfully processed,22
2025-11-22 11:46:22,Bill,RD68090236,เจ้าหนี้การค้าอื่น,Success,Successfully processed,23
2025-11-22 11:46:23,Bill,RD68100040,เจ้าหนี้การค้าอื่น,Success,Successfully processed,63
2025-11-22 11:46:24,Bill,RD68100064,เจ้าหนี้การค้าอื่น,Success,Successfully processed,24
2025-11-22 11:46:25,Bill,RD68100190,เจ้าหนี้การค้าอื่น,Success,Successfully processed,64
2025-11-22 11:46:26,Bill,RD68110062,เจ้าหนี้การค้าอื่น,Success,Successfully processed,25
2025-11-22 11:46:27,Bill,RD68110093,เจ้าหนี้การค้าอื่น,Success,Successfully processed,65
2025-11-22 11:46:29,Bill,RO-0002623,สาครลำเลียง,Success,Successfully processed,565
2025-11-22 11:46:30,Bill,RO-0002887,ไอดอล  ซิสเท่ม  จำกัด,Success,Successfully processed,566
2025-11-22 11:46:31,Bill,RO-0010475,วี เอส เอท อินเตอร์ จำกัด,Success,Successfully processed,567
2025-11-22 11:46:32,Bill,RO-0010541,ภคนิน จำกัด,Success,Successfully processed,568
2025-11-22 11:46:33,Bill,RO-0010542,วี เอส เอท อินเตอร์ จำกัด,Success,Successfully processed,569
2025-11-22 11:46:35,Bill,RO-0010662,ไมโคร พรีซิชั่น คาลิเบรชั่น แลบบอราทอรี่ (ประเทศไทย) จำกัด,Success,Successfully processed,570
2025-11-22 11:46:36,Bill,RO-0010709,ไอดอล  ซิสเท่ม  จำกัด,Success,Successfully processed,571
2025-11-22 11:46:37,Bill,RO-0010906,วี เอส เอท อินเตอร์ จำกัด,Success,Successfully processed,572
2025-11-22 11:46:38,Bill,RO-0011226,บริษัท พี.เอส.เอ็ม.ฮาร์ดแวร์ จำกัด (สำนักงานใหญ่),Success,Successfully processed,573
2025-11-22 11:46:39,Bill,RO-0011227,บริษัท พี.เอส.เอ็ม.ฮาร์ดแวร์ จำกัด (สำนักงานใหญ่),Success,Successfully processed,574
2025-11-22 11:46:40,Bill,RO-0011234,บริษัท กรุงไทย มิซูโฮ ลีสซิ่ง จำกัด (สำนักงานใหญ่),Success,Successfully processed,195
2025-11-22 11:46:42,Bill,RO-0011240,บริษัท ที กรุ๊ป เอ็นจิเนียแอนด์แมชชีนทูล จำกัด (สำนักงานใหญ่),Success,Successfully processed,575
2025-11-22 11:46:43,Bill,RO-0011241,บริษัท กรุงไทย มิซูโฮ ลีสซิ่ง จำกัด (สำนักงานใหญ่),Success,Successfully processed,196
2025-11-22 11:46:44,Bill,RO-0011242,บริษัท กรุงไทย มิซูโฮ ลีสซิ่ง จำกัด (สำนักงานใหญ่),Success,Successfully processed,197
2025-11-22 11:46:45,Bill,RO-0011243,บริษัท กรุงไทย มิซูโฮ ลีสซิ่ง จำกัด (สำนักงานใหญ่),Success,Successfully processed,198
2025-11-22 11:46:47,Bill,RO-0011252,บริษัท แพนเอเชียอุตสาหกรรม จำกัด (สำนักงานใหญ่),Success,Successfully processed,576
2025-11-22 11:46:48,Bill,RO-0011253,บริษัท พี.เอส.เอ็ม.ฮาร์ดแวร์ จำกัด (สำนักงานใหญ่),Success,Successfully processed,577
2025-11-22 11:46:49,Bill,RO-0011257,บริษัท ทรู มูฟ เอช ยูนิเวอร์แซล คอมมิวนิเคชั่น จำกัด (สนญ),Success,Successfully processed,578
2025-11-22 11:46:50,Bill,RO-0011262,บริษัท เอช เอ็ม พลาสติกส์ดีโป้ จำกัด (สำนักงานใหญ่),Success,Successfully processed,579
2025-11-22 11:46:52,Bill,RO-0011265,บริษัท แสงเจริญเฮ้าส์ซิ่งโปรดักส์ จำกัด (สำนักงานใหญ่),Success,Successfully processed,580
2025-11-22 11:46:53,Bill,RO-0011266,บริษัท วี เอส เอท อินเตอร์ จำกัด (สำนักงานใหญ่),Success,Successfully processed,581
2025-11-22 11:46:54,Bill,RO-0011287,บริษัท ออฟฟิศเมท (ไทย) จำกัด (สำนักงานใหญ่),Success,Successfully processed,582
2025-11-22 11:46:55,Bill,RO-0011290,บริษัท ควิน มัลติเทค จำกัด (สำนักงานใหญ่),Success,Successfully processed,213
2025-11-22 11:46:56,Bill,RO-0011291,บริษัท ออฟฟิศเมท (ไทย) จำกัด (สำนักงานใหญ่),Success,Successfully processed,583
2025-11-22 11:46:58,Bill,RO-0011294,บริษัท พี.เอส.เอ็ม.ฮาร์ดแวร์ จำกัด (สำนักงานใหญ่),Success,Successfully processed,584
2025-11-22 11:46:59,Bill,RO-0011295,บริษัท วี เอส เอท อินเตอร์ จำกัด (สำนักงานใหญ่),Success,Successfully processed,585
2025-11-22 11:47:00,Bill,RO-0011296,บริษัท ออฟฟิศเมท (ไทย) จำกัด (สำนักงานใหญ่),Success,Successfully processed,586
2025-11-22 11:47:01,Bill,RO-0011298,บริษัท นิวแมน จำกัด (สำนักงานใหญ่),Success,Successfully processed,587
2025-11-22 11:47:02,Bill,RO-0011301,บริษัท แสงเจริญเฮ้าส์ซิ่งโปรดักส์ จำกัด (สำนักงานใหญ่),Success,Successfully processed,588
2025-11-22 11:47:03,Bill,RO-0011303,บริษัท พี.เอส.เอ็ม.ฮาร์ดแวร์ จำกัด (สำนักงานใหญ่),Success,Successfully processed,589
2025-11-22 11:47:05,Bill,RO-0011304,บริษัท ลานนา ไม้อัดไทย จำกัด (สาขาที่ 00001),Success,Successfully processed,590
2025-11-22 11:47:06,Bill,RO-0011305,บริษัท อัลฟา ดีล จำกัด(สำนักงานใหญ่),Success,Successfully processed,591
2025-11-22 11:47:07,Bill,RO-0011306,บริษัท ออฟฟิศเวิร์ค จำกัด (สำนักงานใหญ่),Success,Successfully processed,592
2025-11-22 11:47:09,Bill,RO-0011307,บริษัท วาบิ ซาบิ ช็อป แอนด์ เซอร์วิส จำกัด (สนญ),Success,Successfully processed,593
2025-11-22 11:47:10,Bill,RO-0011308,บริษัท กรุงไทย มิซูโฮ ลีสซิ่ง จำกัด (สำนักงานใหญ่),Success,Successfully processed,199
2025-11-22 11:47:11,Bill,RO-0011310,บริษัท อัลฟา ดีล จำกัด(สำนักงานใหญ่),Success,Successfully processed,594
2025-11-22 11:47:12,Bill,RO-0011312,บริษัท กรุงไทย มิซูโฮ ลีสซิ่ง จำกัด (สำนักงานใหญ่),Success,Successfully processed,200
2025-11-22 11:47:13,Bill,RO-0011313,บริษัท กรุงไทย มิซูโฮ ลีสซิ่ง จำกัด (สำนักงานใหญ่),Success,Successfully processed,201
2025-11-22 11:47:14,Bill,RO-0011314,บริษัท กรุงไทย มิซูโฮ ลีสซิ่ง จำกัด (สำนักงานใหญ่),Success,Successfully processed,202
2025-11-22 11:47:15,Bill,RO-0011315,บริษัท ไทย วี.พี.คอร์ปอเรชั่น จำกัด (สำนักงานใหญ่),Success,Successfully processed,595
2025-11-22 11:47:17,Bill,RO-0011316,บริษัท ไทย วี.พี.คอร์ปอเรชั่น จำกัด (สำนักงานใหญ่),Success,Successfully processed,596
2025-11-22 11:47:18,Bill,RO-0011317,บริษัท ไทย วี.พี.คอร์ปอเรชั่น จำกัด (สำนักงานใหญ่),Success,Successfully processed,597
2025-11-22 11:47:19,Bill,RO-0011318,บริษัท ไทย วี.พี.คอร์ปอเรชั่น จำกัด (สำนักงานใหญ่),Success,Successfully processed,598
2025-11-22 11:47:20,Bill,RO-0011319,บริษัท ไทย วี.พี.คอร์ปอเรชั่น จำกัด (สำนักงานใหญ่),Success,Successfully processed,599
2025-11-22 11:47:22,Bill,RO-0011320,บริษัท ไทย วี.พี.คอร์ปอเรชั่น จำกัด (สำนักงานใหญ่),Success,Successfully processed,600
2025-11-22 11:47:23,Bill,RO-0011321,บริษัท ไทย วี.พี.คอร์ปอเรชั่น จำกัด (สำนักงานใหญ่),Success,Successfully processed,601
2025-11-22 11:47:24,Bill,RO-0011322,บริษัท ไทย วี.พี.คอร์ปอเรชั่น จำกัด (สำนักงานใหญ่),Success,Successfully processed,602
2025-11-22 11:47:25,Bill,RO-0011323,บริษัท ไทย วี.พี.คอร์ปอเรชั่น จำกัด (สำนักงานใหญ่),Success,Successfully processed,603
2025-11-22 11:47:26,Bill,RO-0011324,บริษัท เพียรการ คอร์ปอเรชั่น จำกัด (สำนักงานใหญ่),Success,Successfully processed,604
2025-11-22 11:47:28,Bill,RO-0011325,บริษัท ออฟฟิศเมท (ไทย) จำกัด (สำนักงานใหญ่),Success,Successfully processed,605
